[{"sql": "SELECT * FROM chart_formulas LIMIT 10;", "timestamp": "2025-07-15T02:25:31.506677", "start_time": "2025-07-15T02:25:31.453938", "end_time": "2025-07-15T02:25:31.506677", "duration_sec": 0.052739, "table": "chart_formulas", "bytes_processed": 1024, "estimate_source": "Actual"}, {"sql": "SELECT * FROM chart_formulas LIMIT 10;", "timestamp": "2025-07-15T02:25:20.724026", "start_time": "2025-07-15T02:25:20.680540", "end_time": "2025-07-15T02:25:20.724026", "duration_sec": 0.043486, "table": "chart_formulas", "bytes_processed": 1024, "estimate_source": "Actual"}, {"sql": "SELECT * FROM chart_formulas LIMIT 10;", "timestamp": "2025-07-15T02:25:17.925821", "start_time": "2025-07-15T02:25:17.882993", "end_time": "2025-07-15T02:25:17.925821", "duration_sec": 0.042828, "table": "chart_formulas", "bytes_processed": 1024, "estimate_source": "Actual"}, {"sql": "SELECT * FROM chart_formulas LIMIT 10;", "timestamp": "2025-07-15T02:25:15.895620", "start_time": "2025-07-15T02:25:15.851683", "end_time": "2025-07-15T02:25:15.895620", "duration_sec": 0.043937, "table": "chart_formulas", "bytes_processed": 1024, "estimate_source": "Actual"}, {"sql": "SELECT * FROM chart_formulas LIMIT 10;", "timestamp": "2025-07-15T02:25:13.212644", "start_time": "2025-07-15T02:25:13.159245", "end_time": "2025-07-15T02:25:13.212644", "duration_sec": 0.053399, "table": "chart_formulas", "bytes_processed": 1024, "estimate_source": "Actual"}, {"sql": "SELECT * FROM chart_formulas LIMIT 10;", "timestamp": "2025-07-14T23:36:43.012129", "start_time": "2025-07-14T23:36:42.958380", "end_time": "2025-07-14T23:36:43.012129", "duration_sec": 0.053749, "table": "chart_formulas", "bytes_processed": 1024, "estimate_source": "Actual"}, {"sql": "SELECT * FROM chart_formulas LIMIT 10;", "timestamp": "2025-07-14T23:36:40.850416", "start_time": "2025-07-14T23:36:40.794397", "end_time": "2025-07-14T23:36:40.850416", "duration_sec": 0.056019, "table": "chart_formulas", "bytes_processed": 1024, "estimate_source": "Actual"}, {"sql": "SELECT * FROM chart_formulas LIMIT 10;", "timestamp": "2025-07-14T23:35:56.025315", "start_time": "2025-07-14T23:35:55.969729", "end_time": "2025-07-14T23:35:56.025315", "duration_sec": 0.055586, "table": "chart_formulas", "bytes_processed": 1024, "estimate_source": "Actual"}, {"sql": "SELECT * FROM chart_formulas LIMIT 10;", "timestamp": "2025-07-14T23:35:53.606528", "start_time": "2025-07-14T23:35:53.553720", "end_time": "2025-07-14T23:35:53.606528", "duration_sec": 0.052808, "table": "chart_formulas", "bytes_processed": 1024, "estimate_source": "Actual"}, {"sql": "SELECT * FROM chart_formulas LIMIT 10;", "timestamp": "2025-07-14T23:26:19.200992", "start_time": "2025-07-14T23:26:19.145147", "end_time": "2025-07-14T23:26:19.200992", "duration_sec": 0.055845, "table": "chart_formulas", "bytes_processed": 1024}, {"sql": "SELECT * FROM chart_formulas LIMIT 10;", "timestamp": "2025-07-14T23:26:19.023272", "start_time": "2025-07-14T23:26:18.961817", "end_time": "2025-07-14T23:26:19.023272", "duration_sec": 0.061455, "table": "chart_formulas", "bytes_processed": 1024}, {"sql": "SELECT * FROM chart_formulas LIMIT 10;", "timestamp": "2025-07-14T23:26:18.598284", "start_time": "2025-07-14T23:26:18.581668", "end_time": "2025-07-14T23:26:18.598284", "duration_sec": 0.016616, "table": "chart_formulas", "bytes_processed": 1024}, {"sql": "SELECT * FROM chart_formulas LIMIT 10;", "timestamp": "2025-07-14T23:26:18.500971", "start_time": "2025-07-14T23:26:18.448195", "end_time": "2025-07-14T23:26:18.500971", "duration_sec": 0.052776, "table": "chart_formulas", "bytes_processed": 1024}, {"sql": "SELECT * FROM chart_formulas LIMIT 10;", "timestamp": "2025-07-14T23:26:18.067194", "start_time": "2025-07-14T23:26:18.011409", "end_time": "2025-07-14T23:26:18.067194", "duration_sec": 0.055785, "table": "chart_formulas", "bytes_processed": 1024}, {"sql": "SELECT * FROM chart_formulas LIMIT 10;", "timestamp": "2025-07-14T23:26:15.910610", "start_time": "2025-07-14T23:26:15.850195", "end_time": "2025-07-14T23:26:15.910610", "duration_sec": 0.060415, "table": "chart_formulas", "bytes_processed": 1024}, {"sql": "SELECT * FROM chart_formulas LIMIT 10;", "timestamp": "2025-07-14T23:26:01.032402", "start_time": "2025-07-14T23:26:00.978804", "end_time": "2025-07-14T23:26:01.032402", "duration_sec": 0.053598, "table": "chart_formulas", "bytes_processed": 1024}, {"sql": "SELECT * FROM demo LIMIT 10;", "timestamp": "2025-07-14T22:24:46.522418"}, {"sql": "SELECT * FROM demo LIMIT 10;", "timestamp": "2025-07-14T22:24:41.540013"}, {"sql": "SELECT * FROM demo LIMIT 10;", "timestamp": "2025-07-14T20:48:22.795258"}, {"sql": "SELECT * FROM demo LIMIT 10;", "timestamp": "2025-07-14T20:48:20.307272"}, {"sql": "SELECT * FROM demo LIMIT 10;", "timestamp": "2025-07-14T20:46:07.164132"}]